{"epoch": 1, "loss": 0.8133744411170483, "accuracy": 0.668, "learning_rate": 0.001, "epoch_time": 166.6280324459076}
{"epoch": 1, "loss": 0.8563454449176788, "accuracy": 0.656, "learning_rate": 0.001, "epoch_time": 166.63001608848572}
{"epoch": 1, "loss": 0.8845051601529121, "accuracy": 0.664, "learning_rate": 0.001, "epoch_time": 166.630117893219}
{"epoch": 1, "loss": 0.8235268071293831, "accuracy": 0.684, "learning_rate": 0.001, "epoch_time": 166.63151907920837}
{"epoch": 2, "loss": 0.7326013296842575, "accuracy": 0.702, "learning_rate": 0.001, "epoch_time": 163.0268657207489}
{"epoch": 2, "loss": 0.698117520660162, "accuracy": 0.706, "learning_rate": 0.001, "epoch_time": 163.02508640289307}
{"epoch": 2, "loss": 0.6730587258934975, "accuracy": 0.722, "learning_rate": 0.001, "epoch_time": 163.02271151542664}
{"epoch": 2, "loss": 0.7041749805212021, "accuracy": 0.714, "learning_rate": 0.001, "epoch_time": 163.03833842277527}
{"epoch": 3, "loss": 0.6147878151386976, "accuracy": 0.756, "learning_rate": 0.001, "epoch_time": 163.2434902191162}
{"epoch": 3, "loss": 0.6155882570892572, "accuracy": 0.728, "learning_rate": 0.001, "epoch_time": 163.23494124412537}
{"epoch": 3, "loss": 0.6231967508792877, "accuracy": 0.716, "learning_rate": 0.001, "epoch_time": 163.23983788490295}
{"epoch": 3, "loss": 0.6199190970510244, "accuracy": 0.738, "learning_rate": 0.001, "epoch_time": 163.23966455459595}
{"epoch": 4, "loss": 0.5648813936859369, "accuracy": 0.762, "learning_rate": 0.001, "epoch_time": 162.19657039642334}
{"epoch": 4, "loss": 0.5843667965382338, "accuracy": 0.762, "learning_rate": 0.001, "epoch_time": 162.19829487800598}
{"epoch": 4, "loss": 0.5712604094296694, "accuracy": 0.758, "learning_rate": 0.001, "epoch_time": 162.1951961517334}
{"epoch": 4, "loss": 0.5376629251986742, "accuracy": 0.77, "learning_rate": 0.001, "epoch_time": 162.19430661201477}
{"epoch": 5, "loss": 0.510906646028161, "accuracy": 0.778, "learning_rate": 0.001, "epoch_time": 163.8912296295166}
{"epoch": 5, "loss": 0.5026948321610689, "accuracy": 0.806, "learning_rate": 0.001, "epoch_time": 163.8999104499817}
{"epoch": 5, "loss": 0.47429450135678053, "accuracy": 0.81, "learning_rate": 0.001, "epoch_time": 163.9013352394104}
{"epoch": 5, "loss": 0.46790673211216927, "accuracy": 0.794, "learning_rate": 0.001, "epoch_time": 163.89164853096008}
{"epoch": 6, "loss": 0.4467335119843483, "accuracy": 0.824, "learning_rate": 0.001, "epoch_time": 160.97729063034058}
{"epoch": 6, "loss": 0.4129228498786688, "accuracy": 0.828, "learning_rate": 0.001, "epoch_time": 160.97287702560425}
{"epoch": 6, "loss": 0.43770490773022175, "accuracy": 0.818, "learning_rate": 0.001, "epoch_time": 160.98246955871582}
{"epoch": 6, "loss": 0.42114313039928675, "accuracy": 0.836, "learning_rate": 0.001, "epoch_time": 160.98374247550964}
{"epoch": 7, "loss": 0.37800567504018545, "accuracy": 0.85, "learning_rate": 0.001, "epoch_time": 162.03240180015564}
{"epoch": 7, "loss": 0.4316593399271369, "accuracy": 0.828, "learning_rate": 0.001, "epoch_time": 162.0392599105835}
{"epoch": 7, "loss": 0.37761996407061815, "accuracy": 0.83, "learning_rate": 0.001, "epoch_time": 162.03828859329224}
{"epoch": 7, "loss": 0.35808398574590683, "accuracy": 0.854, "learning_rate": 0.001, "epoch_time": 162.04270577430725}
{"epoch": 8, "loss": 0.362996319308877, "accuracy": 0.846, "learning_rate": 0.001, "epoch_time": 160.79269909858704}
{"epoch": 8, "loss": 0.32884061988443136, "accuracy": 0.858, "learning_rate": 0.001, "epoch_time": 160.8010754585266}
{"epoch": 8, "loss": 0.3201994178816676, "accuracy": 0.872, "learning_rate": 0.001, "epoch_time": 160.78399634361267}
{"epoch": 8, "loss": 0.3508925586938858, "accuracy": 0.848, "learning_rate": 0.001, "epoch_time": 160.80035734176636}
{"epoch": 9, "loss": 0.26440285379067063, "accuracy": 0.9, "learning_rate": 0.001, "epoch_time": 161.05526208877563}
{"epoch": 9, "loss": 0.2569418135099113, "accuracy": 0.88, "learning_rate": 0.001, "epoch_time": 161.06832098960876}
{"epoch": 9, "loss": 0.256028575822711, "accuracy": 0.902, "learning_rate": 0.001, "epoch_time": 161.0541968345642}
{"epoch": 9, "loss": 0.3006586357951164, "accuracy": 0.874, "learning_rate": 0.001, "epoch_time": 161.0406529903412}
{"epoch": 10, "loss": 0.27685701474547386, "accuracy": 0.898, "learning_rate": 0.001, "epoch_time": 161.80843043327332}
{"epoch": 10, "loss": 0.2584997471421957, "accuracy": 0.896, "learning_rate": 0.001, "epoch_time": 161.80308771133423}
{"epoch": 10, "loss": 0.2232761059422046, "accuracy": 0.904, "learning_rate": 0.001, "epoch_time": 161.81483149528503}
{"epoch": 10, "loss": 0.2784317587502301, "accuracy": 0.908, "learning_rate": 0.001, "epoch_time": 161.82103395462036}
