{"epoch": 1, "loss": 0.8280492320893302, "accuracy": 0.6815, "epoch_time": 431.678537607193}
{"epoch": 2, "loss": 0.804518701538207, "accuracy": 0.6885, "epoch_time": 426.2877616882324}
{"epoch": 3, "loss": 0.762039167540414, "accuracy": 0.69, "epoch_time": 424.50755620002747}
{"epoch": 4, "loss": 0.7125362082133218, "accuracy": 0.709, "epoch_time": 423.74572825431824}
{"epoch": 5, "loss": 0.6911374727884928, "accuracy": 0.7145, "epoch_time": 424.3250641822815}
{"epoch": 6, "loss": 0.6881628476438069, "accuracy": 0.718, "epoch_time": 425.01717948913574}
{"epoch": 7, "loss": 0.6380244460370805, "accuracy": 0.737, "epoch_time": 424.21409940719604}
{"epoch": 8, "loss": 0.6134757319140056, "accuracy": 0.744, "epoch_time": 396.34765887260437}
{"epoch": 9, "loss": 0.6228412876999567, "accuracy": 0.7455, "epoch_time": 358.42253708839417}
{"epoch": 10, "loss": 0.5845369890568748, "accuracy": 0.754, "epoch_time": 355.92487931251526}
